id_centralina;data_record;data_record_value;banda;idcell;t2m;geom;tp;sp;pbl00;pbl12;u10;v10;ndvi;dust;aod550;id;x;y;d_impianti;d_a1;d_a2;d_aero;i_surface;d_costa;q_dem;climate_zone;p_istat;cl_agri;cl_arbl;cl_crop;cl_dcds;cl_evgr;cl_hidv;cl_lwdv;cl_pstr;cl_shrb;av_buf_a1;av_buf_a23;av_buf_oth;pm10_diff;nh3_diff;co_punt;cod_reg
IT2044A_5_BETA_2012-01-01_00:00:00;2015-01-01;23.28;1;233751;6.45900869369507;POINT (1279816.259979737 4507443.919203629);0.0;1018.56256103516;794.414245605469;830.488525390625;-2.27828931808472;-5.96710395812988;0.493159174919128;0.0;0.0667699575424194;233751;1279781.2531;4507182.93121;12024;97566;561;12876;79;10630;50;7;6323;0;0;0;0;0;74;26;0;0;0.0;4121.97705078125;15638.970703125;12.6350991167;1.38023942455;0.0;16
IT2044A_5_BETA_2012-01-01_00:00:00;2015-01-02;19.17;2;233751;6.96931934356689;POINT (1279816.259979737 4507443.919203629);0.0;1023.14617919922;508.591613769531;1033.30200195312;0.0640907064080238;-3.83572816848755;0.493159174919128;0.0;0.026561425998807;233751;1279781.2531;4507182.93121;12024;97566;561;12876;79;10630;50;7;6323;0;0;0;0;0;74;26;0;0;0.0;4121.97705078125;15638.970703125;12.6350991167;1.38023942455;0.0;16
IT2044A_5_BETA_2012-01-01_00:00:00;2015-01-03;29.51;3;233751;10.4146099090576;POINT (1279816.259979737 4507443.919203629);0.0;1021.67059326172;143.329849243164;576.179504394531;0.747574388980865;-0.262602895498276;0.493159174919128;0.0;0.0501835756003857;233751;1279781.2531;4507182.93121;12024;97566;561;12876;79;10630;50;7;6323;0;0;0;0;0;74;26;0;0;0.0;4121.97705078125;15638.970703125;12.6350991167;1.38023942455;0.0;16
IT2044A_5_BETA_2012-01-01_00:00:00;2015-01-04;18.4;4;233751;11.711085319519;POINT (1279816.259979737 4507443.919203629);0.0;1013.43237304688;237.138153076172;1282.56713867188;1.63820433616638;-3.45342230796814;0.493159174919128;0.0;0.13227666914463;233751;1279781.2531;4507182.93121;12024;97566;561;12876;79;10630;50;7;6323;0;0;0;0;0;74;26;0;0;0.0;4121.97705078125;15638.970703125;12.6350991167;1.38023942455;0.0;16
IT2044A_5_BETA_2012-01-01_00:00:00;2015-01-05;14.77;5;233751;8.0737419128418;POINT (1279816.259979737 4507443.919203629);0.0;1017.43853759766;1220.50451660156;2033.947265625;0.21480131149292;-7.7333517074585;0.493159174919128;0.0;0.0335351787507534;233751;1279781.2531;4507182.93121;12024;97566;561;12876;79;10630;50;7;6323;0;0;0;0;0;74;26;0;0;0.0;4121.97705078125;15638.970703125;12.6350991167;1.38023942455;0.0;16
IT2044A_5_BETA_2012-01-01_00:00:00;2015-01-06;10.09;6;233751;7.55165719985962;POINT (1279816.259979737 4507443.919203629);3.93202781677246;1017.10693359375;1283.94250488281;1718.94873046875;0.829743623733521;-6.30452919006348;0.493159174919128;0.0;0.0242319237440825;233751;1279781.2531;4507182.93121;12024;97566;561;12876;79;10630;50;7;6323;0;0;0;0;0;74;26;0;0;0.0;4121.97705078125;15638.970703125;12.6350991167;1.38023942455;0.0;16
IT2044A_5_BETA_2012-01-01_00:00:00;2015-01-07;21.41;7;233751;5.44424295425415;POINT (1279816.259979737 4507443.919203629);0.0;1025.74499511719;731.535461425781;1150.80212402344;-0.278027474880219;-3.2362802028656;0.493159174919128;0.0;0.0470796786248684;233751;1279781.2531;4507182.93121;12024;97566;561;12876;79;10630;50;7;6323;0;0;0;0;0;74;26;0;0;0.0;4121.97705078125;15638.970703125;12.6350991167;1.38023942455;0.0;16
IT2044A_5_BETA_2012-01-01_00:00:00;2015-01-08;39.07;8;233751;5.45952320098877;POINT (1279816.259979737 4507443.919203629);0.0;1030.31628417969;111.504730224609;433.374786376953;-0.50687038898468;-0.96295952796936;0.493159174919128;0.0;0.075193002820015;233751;1279781.2531;4507182.93121;12024;97566;561;12876;79;10630;50;7;6323;0;0;0;0;0;74;26;0;0;0.0;4121.97705078125;15638.970703125;12.6350991167;1.38023942455;0.0;16
IT2044A_5_BETA_2012-01-01_00:00:00;2015-01-09;52.1;9;233751;9.2059907913208;POINT (1279816.259979737 4507443.919203629);0.0;1028.15417480469;28.3859119415283;623.646606445312;1.21826577186584;1.66932475566864;0.493159174919128;0.0;0.11371760815382;233751;1279781.2531;4507182.93121;12024;97566;561;12876;79;10630;50;7;6323;0;0;0;0;0;74;26;0;0;0.0;4121.97705078125;15638.970703125;12.6350991167;1.38023942455;0.0;16
IT2044A_5_BETA_2012-01-01_00:00:00;2015-01-10;50.39;10;233751;10.9696455001831;POINT (1279816.259979737 4507443.919203629);0.0;1018.2021484375;128.51789855957;688.806335449219;1.46062242984772;0.496111243963242;0.493159174919128;0.0;0.0787884965538979;233751;1279781.2531;4507182.93121;12024;97566;561;12876;79;10630;50;7;6323;0;0;0;0;0;74;26;0;0;0.0;4121.97705078125;15638.970703125;12.6350991167;1.38023942455;0.0;16
IT2044A_5_BETA_2012-01-01_00:00:00;2015-01-11;24.83;11;233751;13.1399869918823;POINT (1279816.259979737 4507443.919203629);0.0;1012.63995361328;73.503288269043;560.327514648438;0.470526814460754;3.09155821800232;0.485121190547943;0.0;0.0381651520729065;233751;1279781.2531;4507182.93121;12024;97566;561;12876;79;10630;50;7;6323;0;0;0;0;0;74;26;0;0;0.0;4121.97705078125;15638.970703125;12.6350991167;1.38023942455;0.0;16
IT2044A_5_BETA_2012-01-01_00:00:00;2015-01-12;19.5;12;233751;10.5205736160278;POINT (1279816.259979737 4507443.919203629);0.0;1021.83416748047;1081.88549804688;1804.02294921875;1.86470651626587;-6.73066282272339;0.485121190547943;0.0;0.0340172946453094;233751;1279781.2531;4507182.93121;12024;97566;561;12876;79;10630;50;7;6323;0;0;0;0;0;74;26;0;0;0.0;4121.97705078125;15638.970703125;12.6350991167;1.38023942455;0.0;16
IT2044A_5_BETA_2012-01-01_00:00:00;2015-01-13;19.86;13;233751;8.82604598999023;POINT (1279816.259979737 4507443.919203629);0.0;1024.17614746094;169.361221313477;714.490600585938;0.0740690603852272;-2.85439252853394;0.485121190547943;0.0;0.0720632299780846;233751;1279781.2531;4507182.93121;12024;97566;561;12876;79;10630;50;7;6323;0;0;0;0;0;74;26;0;0;0.0;4121.97705078125;15638.970703125;12.6350991167;1.38023942455;0.0;16
IT2044A_5_BETA_2012-01-01_00:00:00;2015-01-14;45.1;14;233751;8.46438026428223;POINT (1279816.259979737 4507443.919203629);0.0;1017.96752929688;101.558792114258;380.531219482422;1.00336182117462;-0.712251663208008;0.485121190547943;0.0;0.0300742648541927;233751;1279781.2531;4507182.93121;12024;97566;561;12876;79;10630;50;7;6323;0;0;0;0;0;74;26;0;0;0.0;4121.97705078125;15638.970703125;12.6350991167;1.38023942455;0.0;16
IT2044A_5_BETA_2012-01-01_00:00:00;2015-01-15;40.13;15;233751;10.5687122344971;POINT (1279816.259979737 4507443.919203629);0.0;1018.2177734375;52.3338928222656;988.075134277344;0.54759669303894;-2.12504863739014;0.485121190547943;0.0;0.0416623987257481;233751;1279781.2531;4507182.93121;12024;97566;561;12876;79;10630;50;7;6323;0;0;0;0;0;74;26;0;0;0.0;4121.97705078125;15638.970703125;12.6350991167;1.38023942455;0.0;16
IT2044A_5_BETA_2012-01-01_00:00:00;2015-01-16;50.31;16;233751;10.2664680480957;POINT (1279816.259979737 4507443.919203629);0.0;1018.32391357422;21.3506774902344;572.719482421875;-0.966539740562439;2.02628755569458;0.485121190547943;0.0;0.0480099357664585;233751;1279781.2531;4507182.93121;12024;97566;561;12876;79;10630;50;7;6323;0;0;0;0;0;74;26;0;0;0.0;4121.97705078125;15638.970703125;12.6350991167;1.38023942455;0.0;16
IT2044A_5_BETA_2012-01-01_00:00:00;2015-01-17;24.75;17;233751;14.034520149231;POINT (1279816.259979737 4507443.919203629);0.0;1017.73626708984;703.745544433594;917.576843261719;-1.50036120414734;7.0120735168457;0.485121190547943;0.0;0.169110894203186;233751;1279781.2531;4507182.93121;12024;97566;561;12876;79;10630;50;7;6323;0;0;0;0;0;74;26;0;0;0.0;4121.97705078125;15638.970703125;12.6350991167;1.38023942455;0.0;16
IT2044A_5_BETA_2012-01-01_00:00:00;2015-01-18;19.94;18;233751;14.3902196884155;POINT (1279816.259979737 4507443.919203629);7.09048843383789;1014.97937011719;853.709045410156;949.287231445312;-1.85284125804901;7.67874765396118;0.485121190547943;0.0;0.673693656921387;233751;1279781.2531;4507182.93121;12024;97566;561;12876;79;10630;50;7;6323;0;0;0;0;0;74;26;0;0;0.0;4121.97705078125;15638.970703125;12.6350991167;1.38023942455;0.0;16
IT2044A_5_BETA_2012-01-01_00:00:00;2015-01-19;17.42;19;233751;13.1195688247681;POINT (1279816.259979737 4507443.919203629);5.31588459014893;1008.99261474609;973.322448730469;680.007202148438;0.00554379308596253;2.20081472396851;0.485121190547943;0.0;0.105033420026302;233751;1279781.2531;4507182.93121;12024;97566;561;12876;79;10630;50;7;6323;0;0;0;0;0;74;26;0;0;0.0;4121.97705078125;15638.970703125;12.6350991167;1.38023942455;0.0;16
IT2044A_5_BETA_2012-01-01_00:00:00;2015-01-20;27.02;20;233751;13.9111328125;POINT (1279816.259979737 4507443.919203629);9.52027320861816;1007.66101074219;425.643585205078;898.469421386719;-0.929623603820801;4.65860271453857;0.485121190547943;1.0;0.4502232670784;233751;1279781.2531;4507182.93121;12024;97566;561;12876;79;10630;50;7;6323;0;0;0;0;0;74;26;0;0;0.0;4121.97705078125;15638.970703125;12.6350991167;1.38023942455;0.0;16
IT2044A_5_BETA_2012-01-01_00:00:00;2015-01-21;22.22;21;233751;13.3493013381958;POINT (1279816.259979737 4507443.919203629);6.91843366622925;1007.79162597656;475.723510742188;614.04931640625;-0.674290180206299;2.859290599823;0.493022054433823;0.0;0.397289007902145;233751;1279781.2531;4507182.93121;12024;97566;561;12876;79;10630;50;7;6323;0;0;0;0;0;74;26;0;0;0.0;4121.97705078125;15638.970703125;12.6350991167;1.38023942455;0.0;16
IT2044A_5_BETA_2012-01-01_00:00:00;2015-01-22;30.73;22;233751;13.9764642715454;POINT (1279816.259979737 4507443.919203629);9.61663913726807;1005.53973388672;429.310455322266;990.695983886719;-3.27147006988525;4.28545665740967;0.493022054433823;0.0;0.287684828042984;233751;1279781.2531;4507182.93121;12024;97566;561;12876;79;10630;50;7;6323;0;0;0;0;0;74;26;0;0;0.0;4121.97705078125;15638.970703125;12.6350991167;1.38023942455;0.0;16
IT2044A_5_BETA_2012-01-01_00:00:00;2015-01-23;19.17;23;233751;11.6043901443481;POINT (1279816.259979737 4507443.919203629);3.29813385009766;997.696105957031;991.94189453125;1109.93481445312;-1.3439337015152;5.35885763168335;0.493022054433823;0.0;0.329804062843323;233751;1279781.2531;4507182.93121;12024;97566;561;12876;79;10630;50;7;6323;0;0;0;0;0;74;26;0;0;0.0;4121.97705078125;15638.970703125;12.6350991167;1.38023942455;0.0;16
IT2044A_5_BETA_2012-01-01_00:00:00;2015-01-24;13.23;24;233751;10.9014511108398;POINT (1279816.259979737 4507443.919203629);4.65321254730225;999.1044921875;445.484222412109;900.452819824219;-1.80812168121338;-2.10675978660583;0.493022054433823;0.0;0.213011845946312;233751;1279781.2531;4507182.93121;12024;97566;561;12876;79;10630;50;7;6323;0;0;0;0;0;74;26;0;0;0.0;4121.97705078125;15638.970703125;12.6350991167;1.38023942455;0.0;16
IT2044A_5_BETA_2012-01-01_00:00:00;2015-01-25;18.52;25;233751;9.83354091644287;POINT (1279816.259979737 4507443.919203629);0.432858616113663;1005.33569335938;524.353759765625;862.461486816406;1.65621101856232;-2.56394410133362;0.493022054433823;0.0;0.0910239294171333;233751;1279781.2531;4507182.93121;12024;97566;561;12876;79;10630;50;7;6323;0;0;0;0;0;74;26;0;0;0.0;4121.97705078125;15638.970703125;12.6350991167;1.38023942455;0.0;16
IT2044A_5_BETA_2012-01-01_00:00:00;2015-01-26;15.55;26;233751;9.59611701965332;POINT (1279816.259979737 4507443.919203629);9.2380542755127;1011.0283203125;151.400192260742;805.248962402344;-0.251157701015472;-3.84610939025879;0.493022054433823;0.0;0.0788705125451088;233751;1279781.2531;4507182.93121;12024;97566;561;12876;79;10630;50;7;6323;0;0;0;0;0;74;26;0;0;0.0;4121.97705078125;15638.970703125;12.6350991167;1.38023942455;0.0;16
IT2044A_5_BETA_2012-01-01_00:00:00;2015-01-27;13.06;27;233751;8.7856330871582;POINT (1279816.259979737 4507443.919203629);5.68946409225464;1007.88873291016;719.1787109375;801.179443359375;0.959144175052643;-3.99512004852295;0.493022054433823;0.0;0.30362069606781;233751;1279781.2531;4507182.93121;12024;97566;561;12876;79;10630;50;7;6323;0;0;0;0;0;74;26;0;0;0.0;4121.97705078125;15638.970703125;12.6350991167;1.38023942455;0.0;16
IT2044A_5_BETA_2012-01-01_00:00:00;2015-01-28;14.57;28;233751;7.98751020431519;POINT (1279816.259979737 4507443.919203629);0.0;1004.87048339844;332.959411621094;861.172790527344;0.33945420384407;-2.37581062316895;0.493022054433823;0.0;0.140812009572983;233751;1279781.2531;4507182.93121;12024;97566;561;12876;79;10630;50;7;6323;0;0;0;0;0;74;26;0;0;0.0;4121.97705078125;15638.970703125;12.6350991167;1.38023942455;0.0;16
IT2044A_5_BETA_2012-01-01_00:00:00;2015-01-29;16.81;29;233751;10.0297508239746;POINT (1279816.259979737 4507443.919203629);0.0;1001.65997314453;266.787475585938;875.813354492188;0.36402353644371;-1.04603064060211;0.493022054433823;0.0;0.169076159596443;233751;1279781.2531;4507182.93121;12024;97566;561;12876;79;10630;50;7;6323;0;0;0;0;0;74;26;0;0;0.0;4121.97705078125;15638.970703125;12.6350991167;1.38023942455;0.0;16
IT2044A_5_BETA_2012-01-01_00:00:00;2015-01-30;21.65;30;233751;12.7179718017578;POINT (1279816.259979737 4507443.919203629);2.27583384513855;988.322204589844;482.316589355469;1497.03112792969;3.06212520599365;8.2762565612793;0.493022054433823;0.0;0.0965451896190643;233751;1279781.2531;4507182.93121;12024;97566;561;12876;79;10630;50;7;6323;0;0;0;0;0;74;26;0;0;0.0;4121.97705078125;15638.970703125;12.6350991167;1.38023942455;0.0;16
IT2044A_5_BETA_2012-01-01_00:00:00;2015-01-31;19.98;31;233751;10.5843744277954;POINT (1279816.259979737 4507443.919203629);6.03993797302246;986.014587402344;989.512512207031;871.337280273438;0.521112680435181;2.3453950881958;0.493022054433823;0.0;0.0490608550608158;233751;1279781.2531;4507182.93121;12024;97566;561;12876;79;10630;50;7;6323;0;0;0;0;0;74;26;0;0;0.0;4121.97705078125;15638.970703125;12.6350991167;1.38023942455;0.0;16
IT2044A_5_BETA_2012-01-01_00:00:00;2015-02-01;18.48;32;233751;11.6614360809326;POINT (1279816.259979737 4507443.919203629);0.0;988.1884765625;325.209289550781;1156.04418945312;4.74064922332764;3.10183525085449;0.481291711330414;0.0;0.0547858364880085;233751;1279781.2531;4507182.93121;12024;97566;561;12876;79;10630;50;7;6323;0;0;0;0;0;74;26;0;0;0.0;4121.97705078125;15638.970703125;12.6350991167;1.38023942455;0.0;16
IT2044A_5_BETA_2012-01-01_00:00:00;2015-02-02;15.06;33;233751;8.80014705657959;POINT (1279816.259979737 4507443.919203629);0.0;996.706726074219;576.777099609375;1393.607421875;4.01200914382935;0.887169599533081;0.481291711330414;0.0;0.0901066958904266;233751;1279781.2531;4507182.93121;12024;97566;561;12876;79;10630;50;7;6323;0;0;0;0;0;74;26;0;0;0.0;4121.97705078125;15638.970703125;12.6350991167;1.38023942455;0.0;16
IT2044A_5_BETA_2012-01-01_00:00:00;2015-02-03;17.22;34;233751;9.42738246917725;POINT (1279816.259979737 4507443.919203629);0.82407933473587;1003.84716796875;456.947723388672;1370.96789550781;1.09378981590271;3.31044340133667;0.481291711330414;0.0;0.0843573734164238;233751;1279781.2531;4507182.93121;12024;97566;561;12876;79;10630;50;7;6323;0;0;0;0;0;74;26;0;0;0.0;4121.97705078125;15638.970703125;12.6350991167;1.38023942455;0.0;16
IT2044A_5_BETA_2012-01-01_00:00:00;2015-02-04;76.35;35;233751;13.5750770568848;POINT (1279816.259979737 4507443.919203629);0.0;1002.39947509766;991.027709960938;1319.59399414062;1.2274786233902;6.24265909194946;0.481291711330414;1.0;0.226583212614059;233751;1279781.2531;4507182.93121;12024;97566;561;12876;79;10630;50;7;6323;0;0;0;0;0;74;26;0;0;0.0;4121.97705078125;15638.970703125;12.6350991167;1.38023942455;0.0;16
IT2044A_5_BETA_2012-01-01_00:00:00;2015-02-05;137.53;36;233751;15.4947261810303;POINT (1279816.259979737 4507443.919203629);1.6506484746933;999.065734863281;601.256713867188;1111.87817382812;-4.25988531112671;7.25061273574829;0.481291711330414;1.0;0.654162764549255;233751;1279781.2531;4507182.93121;12024;97566;561;12876;79;10630;50;7;6323;0;0;0;0;0;74;26;0;0;0.0;4121.97705078125;15638.970703125;12.6350991167;1.38023942455;0.0;16
IT2044A_5_BETA_2012-01-01_00:00:00;2015-02-06;30.69;37;233751;11.6381673812866;POINT (1279816.259979737 4507443.919203629);3.23008227348328;999.683288574219;1161.90747070312;1311.19226074219;2.38192176818848;3.49017262458801;0.481291711330414;0.0;0.136940747499466;233751;1279781.2531;4507182.93121;12024;97566;561;12876;79;10630;50;7;6323;0;0;0;0;0;74;26;0;0;0.0;4121.97705078125;15638.970703125;12.6350991167;1.38023942455;0.0;16
IT2044A_5_BETA_2012-01-01_00:00:00;2015-02-07;19.78;38;233751;10.2645606994629;POINT (1279816.259979737 4507443.919203629);0.0;1009.72344970703;395.035614013672;1142.20703125;1.98277246952057;1.0004631280899;0.481291711330414;0.0;0.115155562758446;233751;1279781.2531;4507182.93121;12024;97566;561;12876;79;10630;50;7;6323;0;0;0;0;0;74;26;0;0;0.0;4121.97705078125;15638.970703125;12.6350991167;1.38023942455;0.0;16
IT2044A_5_BETA_2012-01-01_00:00:00;2015-02-08;14.33;39;233751;8.17236709594727;POINT (1279816.259979737 4507443.919203629);1.53614270687103;1004.11962890625;136.800003051758;944.39990234375;2.77881979942322;-2.92571258544922;0.481291711330414;0.0;0.0777397900819778;233751;1279781.2531;4507182.93121;12024;97566;561;12876;79;10630;50;7;6323;0;0;0;0;0;74;26;0;0;0.0;4121.97705078125;15638.970703125;12.6350991167;1.38023942455;0.0;16
IT2044A_5_BETA_2012-01-01_00:00:00;2015-02-09;14.9;40;233751;6.08191061019897;POINT (1279816.259979737 4507443.919203629);0.0;1003.58001708984;1409.99609375;2015.14465332031;-0.822707295417786;-8.97263431549072;0.481291711330414;0.0;0.0683790221810341;233751;1279781.2531;4507182.93121;12024;97566;561;12876;79;10630;50;7;6323;0;0;0;0;0;74;26;0;0;0.0;4121.97705078125;15638.970703125;12.6350991167;1.38023942455;0.0;16
IT2044A_5_BETA_2012-01-01_00:00:00;2015-02-10;11.93;41;233751;8.022216796875;POINT (1279816.259979737 4507443.919203629);0.0;1010.91528320312;1210.58435058594;2470.7939453125;-0.579996883869171;-7.56304025650024;0.481291711330414;0.0;0.0259162206202745;233751;1279781.2531;4507182.93121;12024;97566;561;12876;79;10630;50;7;6323;0;0;0;0;0;74;26;0;0;0.0;4121.97705078125;15638.970703125;12.6350991167;1.38023942455;0.0;16
IT2044A_5_BETA_2012-01-01_00:00:00;2015-02-11;15.06;42;233751;8.72411441802979;POINT (1279816.259979737 4507443.919203629);0.0;1016.11743164062;513.881225585938;1480.81005859375;-0.235792621970177;-4.06093597412109;0.461864709854126;0.0;0.049164917320013;233751;1279781.2531;4507182.93121;12024;97566;561;12876;79;10630;50;7;6323;0;0;0;0;0;74;26;0;0;0.0;4121.97705078125;15638.970703125;12.6350991167;1.38023942455;0.0;16
IT2044A_5_BETA_2012-01-01_00:00:00;2015-02-12;20.72;43;233751;7.43898010253906;POINT (1279816.259979737 4507443.919203629);0.0;1019.23608398438;313.857208251953;1440.88012695312;-1.18244421482086;-2.55144166946411;0.461864709854126;0.0;0.065651148557663;233751;1279781.2531;4507182.93121;12024;97566;561;12876;79;10630;50;7;6323;0;0;0;0;0;74;26;0;0;0.0;4121.97705078125;15638.970703125;12.6350991167;1.38023942455;0.0;16
IT2044A_5_BETA_2012-01-01_00:00:00;2015-02-13;41.17;44;233751;7.86110210418701;POINT (1279816.259979737 4507443.919203629);0.0;1019.27337646484;56.2439117431641;1222.68347167969;-0.597257435321808;-1.75233900547028;0.461864709854126;0.0;0.0900734141469002;233751;1279781.2531;4507182.93121;12024;97566;561;12876;79;10630;50;7;6323;0;0;0;0;0;74;26;0;0;0.0;4121.97705078125;15638.970703125;12.6350991167;1.38023942455;0.0;16
IT2044A_5_BETA_2012-01-01_00:00:00;2015-02-14;52.46;45;233751;8.92616271972656;POINT (1279816.259979737 4507443.919203629);0.0;1015.30590820312;46.7919692993164;1256.97314453125;0.175474509596825;0.53472375869751;0.461864709854126;0.0;0.078063078224659;233751;1279781.2531;4507182.93121;12024;97566;561;12876;79;10630;50;7;6323;0;0;0;0;0;74;26;0;0;0.0;4121.97705078125;15638.970703125;12.6350991167;1.38023942455;0.0;16
IT2044A_5_BETA_2012-01-01_00:00:00;2015-02-15;25.44;46;233751;10.1891164779663;POINT (1279816.259979737 4507443.919203629);5.57958936691284;1012.73638916016;141.576248168945;1288.55847167969;-1.06892776489258;3.33748006820679;0.461864709854126;0.0;0.198206171393394;233751;1279781.2531;4507182.93121;12024;97566;561;12876;79;10630;50;7;6323;0;0;0;0;0;74;26;0;0;0.0;4121.97705078125;15638.970703125;12.6350991167;1.38023942455;0.0;16
IT2044A_5_BETA_2012-01-01_00:00:00;2015-02-16;10.52;47;233751;11.7021045684814;POINT (1279816.259979737 4507443.919203629);0.302648276090622;1014.45416259766;345.821624755859;1284.89575195312;-2.8466169834137;3.14488434791565;0.461864709854126;0.0;0.0612728111445904;233751;1279781.2531;4507182.93121;12024;97566;561;12876;79;10630;50;7;6323;0;0;0;0;0;74;26;0;0;0.0;4121.97705078125;15638.970703125;12.6350991167;1.38023942455;0.0;16
IT2044A_5_BETA_2012-01-01_00:00:00;2015-02-17;15.55;48;233751;11.20374584198;POINT (1279816.259979737 4507443.919203629);0.0;1018.73822021484;288.908966064453;1472.88391113281;-1.70411503314972;-0.260503560304642;0.461864709854126;0.0;0.129813432693481;233751;1279781.2531;4507182.93121;12024;97566;561;12876;79;10630;50;7;6323;0;0;0;0;0;74;26;0;0;0.0;4121.97705078125;15638.970703125;12.6350991167;1.38023942455;0.0;16
IT2044A_5_BETA_2012-01-01_00:00:00;2015-02-18;14.49;49;233751;9.0169095993042;POINT (1279816.259979737 4507443.919203629);4.39741516113281;1024.72009277344;194.320419311523;655.042663574219;-1.07613015174866;-2.37785840034485;0.461864709854126;0.0;0.345600068569183;233751;1279781.2531;4507182.93121;12024;97566;561;12876;79;10630;50;7;6323;0;0;0;0;0;74;26;0;0;0.0;4121.97705078125;15638.970703125;12.6350991167;1.38023942455;0.0;16
IT2044A_5_BETA_2012-01-01_00:00:00;2015-02-19;18.93;50;233751;8.14020919799805;POINT (1279816.259979737 4507443.919203629);0.0;1025.63732910156;324.864471435547;954.174133300781;-0.576334714889526;-2.93738722801208;0.461864709854126;0.0;0.057740293443203;233751;1279781.2531;4507182.93121;12024;97566;561;12876;79;10630;50;7;6323;0;0;0;0;0;74;26;0;0;0.0;4121.97705078125;15638.970703125;12.6350991167;1.38023942455;0.0;16
IT2044A_5_BETA_2012-01-01_00:00:00;2015-02-20;28.21;51;233751;8.88773250579834;POINT (1279816.259979737 4507443.919203629);0.0;1020.24664306641;133.870330810547;1067.26147460938;1.34945130348206;-2.16160106658936;0.461864709854126;0.0;0.10759923607111;233751;1279781.2531;4507182.93121;12024;97566;561;12876;79;10630;50;7;6323;0;0;0;0;0;74;26;0;0;0.0;4121.97705078125;15638.970703125;12.6350991167;1.38023942455;0.0;16
IT2044A_5_BETA_2012-01-01_00:00:00;2015-02-21;29.55;52;233751;10.7583904266357;POINT (1279816.259979737 4507443.919203629);1.52686965465546;1011.46746826172;41.245777130127;1280.74084472656;-0.800639092922211;5.49556541442871;0.400865614414215;0.0;0.116893202066422;233751;1279781.2531;4507182.93121;12024;97566;561;12876;79;10630;50;7;6323;0;0;0;0;0;74;26;0;0;0.0;4121.97705078125;15638.970703125;12.6350991167;1.38023942455;0.0;16
IT2044A_5_BETA_2012-01-01_00:00:00;2015-02-22;18.68;53;233751;13.2329578399658;POINT (1279816.259979737 4507443.919203629);31.9259281158447;998.797607421875;1011.56774902344;1212.94580078125;-3.93049025535583;8.98052597045898;0.400865614414215;0.0;0.742775797843933;233751;1279781.2531;4507182.93121;12024;97566;561;12876;79;10630;50;7;6323;0;0;0;0;0;74;26;0;0;0.0;4121.97705078125;15638.970703125;12.6350991167;1.38023942455;0.0;16
IT2044A_5_BETA_2012-01-01_00:00:00;2015-02-23;34.72;54;233751;12.5148239135742;POINT (1279816.259979737 4507443.919203629);3.05326223373413;999.921569824219;764.346069335938;826.710815429688;-1.96436429023743;3.66159868240356;0.400865614414215;1.0;1.2043753862381;233751;1279781.2531;4507182.93121;12024;97566;561;12876;79;10630;50;7;6323;0;0;0;0;0;74;26;0;0;0.0;4121.97705078125;15638.970703125;12.6350991167;1.38023942455;0.0;16
IT2044A_5_BETA_2012-01-01_00:00:00;2015-02-24;29.43;55;233751;12.2687683105469;POINT (1279816.259979737 4507443.919203629);6.13178682327271;999.656433105469;109.873321533203;914.19580078125;-0.808723866939545;4.22355031967163;0.400865614414215;0.0;0.30165758728981;233751;1279781.2531;4507182.93121;12024;97566;561;12876;79;10630;50;7;6323;0;0;0;0;0;74;26;0;0;0.0;4121.97705078125;15638.970703125;12.6350991167;1.38023942455;0.0;16
IT2044A_5_BETA_2012-01-01_00:00:00;2015-02-25;13.19;56;233751;11.3389892578125;POINT (1279816.259979737 4507443.919203629);12.8343381881714;999.208984375;880.807678222656;1008.58520507812;-0.870968759059906;3.86802387237549;0.400865614414215;0.0;0.159219086170197;233751;1279781.2531;4507182.93121;12024;97566;561;12876;79;10630;50;7;6323;0;0;0;0;0;74;26;0;0;0.0;4121.97705078125;15638.970703125;12.6350991167;1.38023942455;0.0;16
IT2044A_5_BETA_2012-01-01_00:00:00;2015-02-26;12.13;57;233751;11.3320846557617;POINT (1279816.259979737 4507443.919203629);15.0804815292358;1008.71307373047;667.483947753906;1166.69946289062;-3.73766946792603;3.41016459465027;0.400865614414215;0.0;0.145512327551842;233751;1279781.2531;4507182.93121;12024;97566;561;12876;79;10630;50;7;6323;0;0;0;0;0;74;26;0;0;0.0;4121.97705078125;15638.970703125;12.6350991167;1.38023942455;0.0;16
IT2044A_5_BETA_2012-01-01_00:00:00;2015-02-27;12.54;58;233751;11.4742965698242;POINT (1279816.259979737 4507443.919203629);11.9993028640747;1003.30682373047;768.276916503906;817.389343261719;-2.94416952133179;0.653984725475311;0.400865614414215;0.0;0.455741673707962;233751;1279781.2531;4507182.93121;12024;97566;561;12876;79;10630;50;7;6323;0;0;0;0;0;74;26;0;0;0.0;4121.97705078125;15638.970703125;12.6350991167;1.38023942455;0.0;16
IT2044A_5_BETA_2012-01-01_00:00:00;2015-02-28;20.43;59;233751;11.1806297302246;POINT (1279816.259979737 4507443.919203629);3.91254568099976;1009.88195800781;429.571594238281;608.314514160156;2.12558889389038;-2.84090542793274;0.400865614414215;0.0;0.346339821815491;233751;1279781.2531;4507182.93121;12024;97566;561;12876;79;10630;50;7;6323;0;0;0;0;0;74;26;0;0;0.0;4121.97705078125;15638.970703125;12.6350991167;1.38023942455;0.0;16
IT2044A_5_BETA_2012-01-01_00:00:00;2015-03-01;27.27;60;233751;11.0782661437988;POINT (1279816.259979737 4507443.919203629);0.0;1014.14770507812;141.630569458008;1002.64855957031;1.82396042346954;-1.15437960624695;0.510621428489685;0.0;0.232015982270241;233751;1279781.2531;4507182.93121;12024;97566;561;12876;79;10630;50;7;6323;0;0;0;0;0;74;26;0;0;0.0;4121.97705078125;15638.970703125;12.6350991167;1.38023942455;0.0;16
IT2044A_5_BETA_2012-01-01_00:00:00;2015-03-02;23.12;61;233751;12.5871591567993;POINT (1279816.259979737 4507443.919203629);0.0;1014.1796875;47.2338600158691;1072.25122070312;1.74393570423126;2.64233255386353;0.510621428489685;0.0;0.131509453058243;233751;1279781.2531;4507182.93121;12024;97566;561;12876;79;10630;50;7;6323;0;0;0;0;0;74;26;0;0;0.0;4121.97705078125;15638.970703125;12.6350991167;1.38023942455;0.0;16
IT2044A_5_BETA_2012-01-01_00:00:00;2015-03-03;23.61;62;233751;14.0026588439941;POINT (1279816.259979737 4507443.919203629);0.0;1015.70672607422;464.521789550781;944.34619140625;1.60305416584015;-1.55123627185822;0.510621428489685;0.0;0.0652394220232964;233751;1279781.2531;4507182.93121;12024;97566;561;12876;79;10630;50;7;6323;0;0;0;0;0;74;26;0;0;0.0;4121.97705078125;15638.970703125;12.6350991167;1.38023942455;0.0;16
IT2044A_5_BETA_2012-01-01_00:00:00;2015-03-04;20.96;63;233751;13.3387384414673;POINT (1279816.259979737 4507443.919203629);2.08303761482239;1017.12945556641;23.1585712432861;830.149780273438;-0.66711437702179;2.93583989143372;0.510621428489685;0.0;0.106111206114292;233751;1279781.2531;4507182.93121;12024;97566;561;12876;79;10630;50;7;6323;0;0;0;0;0;74;26;0;0;0.0;4121.97705078125;15638.970703125;12.6350991167;1.38023942455;0.0;16
IT2044A_5_BETA_2012-01-01_00:00:00;2015-03-05;16.97;64;233751;12.4257230758667;POINT (1279816.259979737 4507443.919203629);16.850191116333;1004.15557861328;812.947570800781;828.328857421875;0.134769201278687;5.92860651016235;0.510621428489685;0.0;0.155494391918182;233751;1279781.2531;4507182.93121;12024;97566;561;12876;79;10630;50;7;6323;0;0;0;0;0;74;26;0;0;0.0;4121.97705078125;15638.970703125;12.6350991167;1.38023942455;0.0;16
IT2044A_5_BETA_2012-01-01_00:00:00;2015-03-06;15.22;65;233751;10.8461198806763;POINT (1279816.259979737 4507443.919203629);19.989107131958;1007.16735839844;435.523742675781;860.157043457031;-3.28084707260132;-1.20829594135284;0.510621428489685;0.0;0.231832027435303;233751;1279781.2531;4507182.93121;12024;97566;561;12876;79;10630;50;7;6323;0;0;0;0;0;74;26;0;0;0.0;4121.97705078125;15638.970703125;12.6350991167;1.38023942455;0.0;16
IT2044A_5_BETA_2012-01-01_00:00:00;2015-03-07;11.97;66;233751;10.5223178863525;POINT (1279816.259979737 4507443.919203629);3.0850133895874;1011.61895751953;997.981262207031;735.304504394531;-2.29238533973694;-5.31621789932251;0.510621428489685;0.0;0.149742215871811;233751;1279781.2531;4507182.93121;12024;97566;561;12876;79;10630;50;7;6323;0;0;0;0;0;74;26;0;0;0.0;4121.97705078125;15638.970703125;12.6350991167;1.38023942455;0.0;16
IT2044A_5_BETA_2012-01-01_00:00:00;2015-03-08;16.85;67;233751;11.1840486526489;POINT (1279816.259979737 4507443.919203629);0.0;1014.9306640625;443.957855224609;1129.04455566406;-1.22335624694824;-2.24901843070984;0.510621428489685;0.0;0.102270193397999;233751;1279781.2531;4507182.93121;12024;97566;561;12876;79;10630;50;7;6323;0;0;0;0;0;74;26;0;0;0.0;4121.97705078125;15638.970703125;12.6350991167;1.38023942455;0.0;16
IT2044A_5_BETA_2012-01-01_00:00:00;2015-03-09;18.48;68;233751;11.3612546920776;POINT (1279816.259979737 4507443.919203629);0.0;1017.11999511719;49.4011497497559;1102.60986328125;-0.750706911087036;-2.74074578285217;0.510621428489685;0.0;0.183332189917564;233751;1279781.2531;4507182.93121;12024;97566;561;12876;79;10630;50;7;6323;0;0;0;0;0;74;26;0;0;0.0;4121.97705078125;15638.970703125;12.6350991167;1.38023942455;0.0;16
IT2044A_5_BETA_2012-01-01_00:00:00;2015-03-10;18.52;69;233751;10.6324968338013;POINT (1279816.259979737 4507443.919203629);6.37846803665161;1017.48681640625;297.984649658203;737.153198242188;0.315812647342682;-1.38455033302307;0.510621428489685;0.0;0.263051360845566;233751;1279781.2531;4507182.93121;12024;97566;561;12876;79;10630;50;7;6323;0;0;0;0;0;74;26;0;0;0.0;4121.97705078125;15638.970703125;12.6350991167;1.38023942455;0.0;16
IT2044A_5_BETA_2012-01-01_00:00:00;2015-03-11;25.27;70;233751;10.2171258926392;POINT (1279816.259979737 4507443.919203629);0.357822954654694;1014.61444091797;139.915267944336;1577.55261230469;1.82027661800385;-2.60109710693359;0.540511131286621;0.0;0.301713973283768;233751;1279781.2531;4507182.93121;12024;97566;561;12876;79;10630;50;7;6323;0;0;0;0;0;74;26;0;0;0.0;4121.97705078125;15638.970703125;12.6350991167;1.38023942455;0.0;16
IT2044A_5_BETA_2012-01-01_00:00:00;2015-03-12;22.34;71;233751;9.86281776428223;POINT (1279816.259979737 4507443.919203629);4.68310165405273;1010.21331787109;88.3117752075195;1136.1181640625;0.301777601242065;-2.24209523200989;0.540511131286621;0.0;0.402831137180328;233751;1279781.2531;4507182.93121;12024;97566;561;12876;79;10630;50;7;6323;0;0;0;0;0;74;26;0;0;0.0;4121.97705078125;15638.970703125;12.6350991167;1.38023942455;0.0;16
IT2044A_5_BETA_2012-01-01_00:00:00;2015-03-13;21.61;72;233751;10.4578151702881;POINT (1279816.259979737 4507443.919203629);0.0;1010.52850341797;235.955413818359;1366.18237304688;1.61476421356201;-4.43733358383179;0.540511131286621;0.0;0.173312157392502;233751;1279781.2531;4507182.93121;12024;97566;561;12876;79;10630;50;7;6323;0;0;0;0;0;74;26;0;0;0.0;4121.97705078125;15638.970703125;12.6350991167;1.38023942455;0.0;16
IT2044A_5_BETA_2012-01-01_00:00:00;2015-03-14;27.02;73;233751;10.5102586746216;POINT (1279816.259979737 4507443.919203629);0.0;1015.97412109375;432.919464111328;1187.80212402344;1.52295207977295;-2.09167146682739;0.540511131286621;0.0;0.230784729123116;233751;1279781.2531;4507182.93121;12024;97566;561;12876;79;10630;50;7;6323;0;0;0;0;0;74;26;0;0;0.0;4121.97705078125;15638.970703125;12.6350991167;1.38023942455;0.0;16
IT2044A_5_BETA_2012-01-01_00:00:00;2015-03-15;37.12;74;233751;11.4589586257935;POINT (1279816.259979737 4507443.919203629);0.0;1021.72961425781;18.426685333252;1052.35168457031;-1.3088653087616;1.86910009384155;0.540511131286621;0.0;0.290783733129501;233751;1279781.2531;4507182.93121;12024;97566;561;12876;79;10630;50;7;6323;0;0;0;0;0;74;26;0;0;0.0;4121.97705078125;15638.970703125;12.6350991167;1.38023942455;0.0;16
IT2044A_5_BETA_2012-01-01_00:00:00;2015-03-16;31.87;75;233751;12.954553604126;POINT (1279816.259979737 4507443.919203629);0.0;1023.15881347656;203.986068725586;1016.30334472656;-2.05793714523315;3.6568603515625;0.540511131286621;1.0;0.37904891371727;233751;1279781.2531;4507182.93121;12024;97566;561;12876;79;10630;50;7;6323;0;0;0;0;0;74;26;0;0;0.0;4121.97705078125;15638.970703125;12.6350991167;1.38023942455;0.0;16
IT2044A_5_BETA_2012-01-01_00:00:00;2015-03-17;37.93;76;233751;12.7759284973145;POINT (1279816.259979737 4507443.919203629);0.0;1020.28723144531;130.254364013672;1019.38311767578;-1.82691037654877;1.75193107128143;0.540511131286621;0.0;0.264260232448578;233751;1279781.2531;4507182.93121;12024;97566;561;12876;79;10630;50;7;6323;0;0;0;0;0;74;26;0;0;0.0;4121.97705078125;15638.970703125;12.6350991167;1.38023942455;0.0;16
IT2044A_5_BETA_2012-01-01_00:00:00;2015-03-18;30.97;77;233751;12.1422624588013;POINT (1279816.259979737 4507443.919203629);2.06585812568665;1018.33032226562;98.4971694946289;1027.55651855469;0.265849322080612;-0.628435850143433;0.540511131286621;0.0;0.641596436500549;233751;1279781.2531;4507182.93121;12024;97566;561;12876;79;10630;50;7;6323;0;0;0;0;0;74;26;0;0;0.0;4121.97705078125;15638.970703125;12.6350991167;1.38023942455;0.0;16
IT2044A_5_BETA_2012-01-01_00:00:00;2015-03-19;42.41;78;233751;11.594295501709;POINT (1279816.259979737 4507443.919203629);0.0;1016.49658203125;94.7084350585938;1561.90026855469;1.67503345012665;-2.09056758880615;0.540511131286621;0.0;0.363620579242706;233751;1279781.2531;4507182.93121;12024;97566;561;12876;79;10630;50;7;6323;0;0;0;0;0;74;26;0;0;0.0;4121.97705078125;15638.970703125;12.6350991167;1.38023942455;0.0;16
IT2044A_5_BETA_2012-01-01_00:00:00;2015-03-20;21.04;79;233751;9.89756202697754;POINT (1279816.259979737 4507443.919203629);0.0;1018.5009765625;450.538940429688;1822.95031738281;-0.700485169887543;-4.71594142913818;0.540511131286621;0.0;0.118253208696842;233751;1279781.2531;4507182.93121;12024;97566;561;12876;79;10630;50;7;6323;0;0;0;0;0;74;26;0;0;0.0;4121.97705078125;15638.970703125;12.6350991167;1.38023942455;0.0;16
IT2044A_5_BETA_2012-01-01_00:00:00;2015-03-21;24.3;80;233751;10.4475250244141;POINT (1279816.259979737 4507443.919203629);0.0;1017.96826171875;215.097015380859;1184.07287597656;-1.08191657066345;1.37331891059875;0.57516884803772;0.0;0.100371666252613;233751;1279781.2531;4507182.93121;12024;97566;561;12876;79;10630;50;7;6323;0;0;0;0;0;74;26;0;0;0.0;4121.97705078125;15638.970703125;12.6350991167;1.38023942455;0.0;16
IT2044A_5_BETA_2012-01-01_00:00:00;2015-03-22;21.73;81;233751;12.1790113449097;POINT (1279816.259979737 4507443.919203629);5.7754225730896;1011.06127929688;552.446716308594;1076.56982421875;-4.00304460525513;6.19778442382812;0.57516884803772;1.0;0.666746258735657;233751;1279781.2531;4507182.93121;12024;97566;561;12876;79;10630;50;7;6323;0;0;0;0;0;74;26;0;0;0.0;4121.97705078125;15638.970703125;12.6350991167;1.38023942455;0.0;16
IT2044A_5_BETA_2012-01-01_00:00:00;2015-03-23;16.52;82;233751;12.7038106918335;POINT (1279816.259979737 4507443.919203629);10.993763923645;1008.43627929688;697.167541503906;489.620086669922;-2.45642352104187;-1.45875799655914;0.57516884803772;1.0;0.29857337474823;233751;1279781.2531;4507182.93121;12024;97566;561;12876;79;10630;50;7;6323;0;0;0;0;0;74;26;0;0;0.0;4121.97705078125;15638.970703125;12.6350991167;1.38023942455;0.0;16
IT2044A_5_BETA_2012-01-01_00:00:00;2015-03-24;32.56;83;233751;14.1811857223511;POINT (1279816.259979737 4507443.919203629);2.06390357017517;1010.58062744141;99.9769592285156;808.980773925781;-1.44445765018463;3.18934082984924;0.57516884803772;1.0;0.314469844102859;233751;1279781.2531;4507182.93121;12024;97566;561;12876;79;10630;50;7;6323;0;0;0;0;0;74;26;0;0;0.0;4121.97705078125;15638.970703125;12.6350991167;1.38023942455;0.0;16
IT2044A_5_BETA_2012-01-01_00:00:00;2015-03-25;28.65;84;233751;15.1389751434326;POINT (1279816.259979737 4507443.919203629);13.712290763855;1003.42498779297;1052.93212890625;1238.30700683594;-5.11533737182617;8.15059757232666;0.57516884803772;1.0;0.426595568656921;233751;1279781.2531;4507182.93121;12024;97566;561;12876;79;10630;50;7;6323;0;0;0;0;0;74;26;0;0;0.0;4121.97705078125;15638.970703125;12.6350991167;1.38023942455;0.0;16
IT2044A_5_BETA_2012-01-01_00:00:00;2015-03-26;39.8;85;233751;16.504337310791;POINT (1279816.259979737 4507443.919203629);6.83381843566895;1003.81652832031;861.739685058594;923.225036621094;-2.05671429634094;3.18931174278259;0.57516884803772;1.0;0.762444794178009;233751;1279781.2531;4507182.93121;12024;97566;561;12876;79;10630;50;7;6323;0;0;0;0;0;74;26;0;0;0.0;4121.97705078125;15638.970703125;12.6350991167;1.38023942455;0.0;16
IT2044A_5_BETA_2012-01-01_00:00:00;2015-03-27;14.86;86;233751;13.5368709564209;POINT (1279816.259979737 4507443.919203629);17.5029888153076;998.217224121094;227.226531982422;440.511840820312;-1.99121522903442;-0.970257580280304;0.57516884803772;1.0;0.365638226270676;233751;1279781.2531;4507182.93121;12024;97566;561;12876;79;10630;50;7;6323;0;0;0;0;0;74;26;0;0;0.0;4121.97705078125;15638.970703125;12.6350991167;1.38023942455;0.0;16
IT2044A_5_BETA_2012-01-01_00:00:00;2015-03-28;16.0;87;233751;13.4341955184937;POINT (1279816.259979737 4507443.919203629);4.8141655921936;1001.57366943359;241.198928833008;1295.80224609375;0.65124785900116;-5.92392873764038;0.57516884803772;0.0;0.109201796352863;233751;1279781.2531;4507182.93121;12024;97566;561;12876;79;10630;50;7;6323;0;0;0;0;0;74;26;0;0;0.0;4121.97705078125;15638.970703125;12.6350991167;1.38023942455;0.0;16
IT2044A_5_BETA_2012-01-01_00:00:00;2015-03-29;18.8;88;233751;12.6979427337646;POINT (1279816.259979737 4507443.919203629);0.0;1006.76666259766;888.027587890625;1271.15356445312;2.0201427936554;-4.37392330169678;0.57516884803772;0.0;0.137331068515778;233751;1279781.2531;4507182.93121;12024;97566;561;12876;79;10630;50;7;6323;0;0;0;0;0;74;26;0;0;0.0;4121.97705078125;15638.970703125;12.6350991167;1.38023942455;0.0;16
IT2044A_5_BETA_2012-01-01_00:00:00;2015-03-30;21.65;89;233751;13.0991687774658;POINT (1279816.259979737 4507443.919203629);0.0;1005.18145751953;78.1860733032227;756.698913574219;-0.26604762673378;3.22340106964111;0.57516884803772;0.0;0.180800572037697;233751;1279781.2531;4507182.93121;12024;97566;561;12876;79;10630;50;7;6323;0;0;0;0;0;74;26;0;0;0.0;4121.97705078125;15638.970703125;12.6350991167;1.38023942455;0.0;16
IT2044A_5_BETA_2012-01-01_00:00:00;2015-03-31;25.68;90;233751;14.869776725769;POINT (1279816.259979737 4507443.919203629);0.0;1007.20788574219;56.0853004455566;940.656921386719;0.771392464637756;1.22819519042969;0.57516884803772;0.0;0.0796501412987709;233751;1279781.2531;4507182.93121;12024;97566;561;12876;79;10630;50;7;6323;0;0;0;0;0;74;26;0;0;0.0;4121.97705078125;15638.970703125;12.6350991167;1.38023942455;0.0;16
IT2044A_5_BETA_2012-01-01_00:00:00;2015-04-01;24.34;91;233751;15.7653493881226;POINT (1279816.259979737 4507443.919203629);0.0;1005.78900146484;179.045913696289;1320.77465820312;1.17924153804779;-1.45955300331116;0.578574061393738;0.0;0.126160770654678;233751;1279781.2531;4507182.93121;12024;97566;561;12876;79;10630;50;7;6323;0;0;0;0;0;74;26;0;0;0.0;4121.97705078125;15638.970703125;12.6350991167;1.38023942455;0.0;16
IT2044A_5_BETA_2012-01-01_00:00:00;2015-04-02;13.19;92;233751;13.5154466629028;POINT (1279816.259979737 4507443.919203629);0.0;1012.29754638672;623.011657714844;1081.91076660156;-0.240077883005142;-1.45343327522278;0.578574061393738;0.0;0.0556822530925274;233751;1279781.2531;4507182.93121;12024;97566;561;12876;79;10630;50;7;6323;0;0;0;0;0;74;26;0;0;0.0;4121.97705078125;15638.970703125;12.6350991167;1.38023942455;0.0;16
IT2044A_5_BETA_2012-01-01_00:00:00;2015-04-03;19.7;93;233751;12.5679330825806;POINT (1279816.259979737 4507443.919203629);0.0;1010.24523925781;228.284164428711;962.796997070312;0.815313041210175;-3.36278200149536;0.578574061393738;0.0;0.142192021012306;233751;1279781.2531;4507182.93121;12024;97566;561;12876;79;10630;50;7;6323;0;0;0;0;0;74;26;0;0;0.0;4121.97705078125;15638.970703125;12.6350991167;1.38023942455;0.0;16
IT2044A_5_BETA_2012-01-01_00:00:00;2015-04-04;13.72;94;233751;11.9815225601196;POINT (1279816.259979737 4507443.919203629);0.0;1010.43188476562;315.412048339844;1155.2333984375;-0.0750096142292023;0.8347327709198;0.578574061393738;0.0;0.631467342376709;233751;1279781.2531;4507182.93121;12024;97566;561;12876;79;10630;50;7;6323;0;0;0;0;0;74;26;0;0;0.0;4121.97705078125;15638.970703125;12.6350991167;1.38023942455;0.0;16
IT2044A_5_BETA_2012-01-01_00:00:00;2015-04-05;20.76;95;233751;14.1380138397217;POINT (1279816.259979737 4507443.919203629);7.72932815551758;1001.40423583984;853.145690917969;1185.19689941406;1.57706880569458;4.55205488204956;0.578574061393738;0.0;0.125510826706886;233751;1279781.2531;4507182.93121;12024;97566;561;12876;79;10630;50;7;6323;0;0;0;0;0;74;26;0;0;0.0;4121.97705078125;15638.970703125;12.6350991167;1.38023942455;0.0;16
IT2044A_5_BETA_2012-01-01_00:00:00;2015-04-06;11.93;96;233751;10.7867765426636;POINT (1279816.259979737 4507443.919203629);2.6196506023407;1004.84704589844;303.720031738281;1072.93151855469;3.20467805862427;-4.06094789505005;0.578574061393738;0.0;0.265214115381241;233751;1279781.2531;4507182.93121;12024;97566;561;12876;79;10630;50;7;6323;0;0;0;0;0;74;26;0;0;0.0;4121.97705078125;15638.970703125;12.6350991167;1.38023942455;0.0;16
IT2044A_5_BETA_2012-01-01_00:00:00;2015-04-07;12.89;97;233751;9.6471471786499;POINT (1279816.259979737 4507443.919203629);1.65287566184998;1012.15899658203;998.230407714844;1833.55261230469;1.56306648254395;-5.91712188720703;0.578574061393738;0.0;0.189049437642097;233751;1279781.2531;4507182.93121;12024;97566;561;12876;79;10630;50;7;6323;0;0;0;0;0;74;26;0;0;0.0;4121.97705078125;15638.970703125;12.6350991167;1.38023942455;0.0;16
IT2044A_5_BETA_2012-01-01_00:00:00;2015-04-08;18.19;98;233751;11.4343566894531;POINT (1279816.259979737 4507443.919203629);0.0;1015.48797607422;1035.96008300781;1874.03771972656;-0.351554721593857;-6.95465993881226;0.578574061393738;0.0;0.146945863962173;233751;1279781.2531;4507182.93121;12024;97566;561;12876;79;10630;50;7;6323;0;0;0;0;0;74;26;0;0;0.0;4121.97705078125;15638.970703125;12.6350991167;1.38023942455;0.0;16
IT2044A_5_BETA_2012-01-01_00:00:00;2015-04-09;20.8;99;233751;12.7880840301514;POINT (1279816.259979737 4507443.919203629);0.0;1019.51458740234;918.71826171875;1922.80615234375;-0.0731550678610802;-6.22454833984375;0.578574061393738;0.0;0.151175796985626;233751;1279781.2531;4507182.93121;12024;97566;561;12876;79;10630;50;7;6323;0;0;0;0;0;74;26;0;0;0.0;4121.97705078125;15638.970703125;12.6350991167;1.38023942455;0.0;16
